ì˜¤ëŠ˜ì˜ SQL ë¬¸ë²•
âœ”âœ”âœ”âœ”âœ”âœ”âœ”âœ”âœ”âœ”âœ”âœ”âœ”âœ”
CTRL+C => cmdì°½ì—ì„œ ë°”ê¹¥ìœ¼ë¡œ ë‚˜ê°ˆ ë•Œ
ã…¡ ã…¡ ã…¡ ã…¡ ã…¡ ã…¡ ã…¡ ã…¡ ã…¡ ã…¡ ã…¡ ã…¡ ã…¡ ã…¡ ã…¡  
DISTINCT ì¹¼ëŸ¼: í•´ë‹¹ì»¬ëŸ¼ì— ê°’ì´ ë­ìˆëŠ”ì§€ ì¤‘ë³µê°’ ì œì™¸í•˜ê³  ë³´ì—¬ì¤Œ
LIMIT a : ì¶œë ¥ ë ˆì½”ë“œê°’ ì œí•œ
CONCAT( ì»¬ëŸ¼, ' '  ,ì»¬ëŸ¼ ) AS name: ë¬¸ìì—´ ê²°í•© í•¨ìˆ˜, ë‘ ì»¬ëŸ¼ì˜ ê²°ê³¼ê°’ì„ ë¶™ì—¬ì„œ name  ì»¬ëŸ¼ìœ¼ë¡œ ì¶œë ¥í•´ì¤€ë‹¤
ORDER BY ì¹¼ëŸ¼ í˜¹ì€ í‘œí˜„ì‹ (ASC ë˜ëŠ” DESC) : ì»´ë§ˆë¥¼ ì‚¬ìš©í•˜ë©´ ìš°ì„  ì•ì˜ ì»¬ëŸ¼ìœ¼ë¡œ ì •ë ¬ í›„ ë§Œì•½ ë°ì´í„°ê°€ ê°™ë‹¤ë©´ ë’¤ì˜ ì»¬ëŸ¼ ìˆœìœ¼ë¡œ ë‹¤ì‹œ ì •ë ¬
ë‚ ì§œë°ì´í„°ì—ì„œ ì¼ë¶€ë§Œ ì¶”ì¶œí•˜ê¸°
: MONTH( ), HOUR( ), SECOND( ), ......
IFNULL(ì¹¼ëŸ¼, 'ëŒ€ì²´í•  ê°’')
: ë°ì´í„°ê°€ NULLì´ë©´ ëŒ€ì²´í•´ì„œ ì¶œë ¥

ğŸ±â€ğŸ‰ğŸ±â€ğŸ‰ğŸ±â€ğŸ‰ğŸ±â€ğŸ‰ğŸ±â€ğŸ‰ğŸ±â€ğŸ‰ğŸ±â€ğŸ‰ğŸ±â€ğŸ‰ğŸ±â€ğŸ‰ğŸ±â€ğŸ‰ğŸ±â€ğŸ‰ğŸ±â€ğŸ‰ğŸ±â€ğŸ‰ğŸ±â€ğŸ‰ğŸ±ğŸ‰ì•„ì´ë”” ìƒì„±

CREATE USER pbl@localhost identified by 'pblpw'; âœ” ë¡œì»¬í˜¸ìŠ¤íŠ¸ë¡œ pblìœ ì € ìƒì„± / ë‚´ë¶€ì—ì„œë§Œ ì‚¬ìš©í•˜ëŠ” ì•„ì´ë””

CREATE USER pbl@'%' identified by 'pblpw'; âœ” hostë¡œ pblìœ ì € ìƒì„± / ì™¸ë¶€ì—ì„œ ì ‘ê·¼ê°€ëŠ¥í•œ ì•„ì´ë””

GRANT ALL privileges on pbldb.* to 'pbl'@'localhost' with grant option; âœ” pbldbì— ê´€í•œ ëª¨ë“  ê¶Œí•œ ë¶€ì—¬ / ëª¨ë“  dbì— ê´€í•œ ëª¨ë“  ê¶Œí•œì´ ì•„ë‹ˆë¼ëŠ” ì  ìœ ì˜

GRANT ALL privileges on pbldb.* to 'pbl'@'%' with grant option; âœ” ì™¸ë¶€ì—ì„œë„ ì ‘ì† ê°€ëŠ¥í•˜ê²Œ ì„¤ì •í•œë‹¤ëŠ” ëœ» / localhostì™€ %ëŠ” ë³„ê°œë¡œ êµ¬ë¶„ë˜ì–´ ìƒì„±ëœë‹¤

SELECT user, host FROM mysql.user; âœ” mysqlì´ë€ í…Œì´ë¸”ì— ì €ì¥ë˜ì–´ìˆëŠ” ìœ ì €ë“¤ì˜ ì´ë¦„ê³¼ í˜¸ìŠ¤íŠ¸ ìƒíƒœë¥¼ ë³´ì—¬ì¤Œ

SELECT user(); âœ” í˜„ì¬ ìœ ì €ìƒíƒœ

FLUSH privileges; âœ” ì¦‰ì‹œ ê¶Œí•œ ë¶€ì—¬ / ë‹¤ë¥¸ ì‘ì—…ìœ¼ë¡œ ì¸í•´ ëŠ¦ê²Œ ë¶€ì—¬ë˜ëŠ” ê²½ìš°ê°€ ìˆì–´ì„œ ê°•ì œì„±ìœ¼ë¡œ ë¶€ì—¬

SHOW GRANTS FOR pbl@localhost; âœ” ê¶Œí•œ í™•ì¸


ğŸ±â€ğŸ‰ğŸ±â€ğŸ‰ğŸ±â€ğŸ‰ğŸ±â€ğŸ‰ğŸ±â€ğŸ‰ğŸ±â€ğŸ‰ğŸ±â€ğŸ‰ğŸ±â€ğŸ‰ğŸ±â€ğŸ‰ğŸ±â€ğŸ‰ğŸ±â€ğŸ‰ğŸ±â€ğŸ‰ğŸ±â€ğŸ‰ğŸ±â€ğŸ‰ğŸ±ğŸ‰ë°ì´í„°ë² ì´ìŠ¤ í™•ì¸

C:\Users\Admin>mysql -u root -p  âœ”mysql -u (ë¡œê·¸ì¸ì•„ì´ë””) -p          íŒ¨ìŠ¤ì›Œë“œëŠ” ì•„ë˜ì—ì„œ
Enter password: ****
Welcome to the MySQL monitor.  Commands end with ; or \g.
Your MySQL connection id is 39
Server version: 8.0.23 MySQL Community Server - GPL

Copyright (c) 2000, 2021, Oracle and/or its affiliates.

Oracle is a registered trademark of Oracle Corporation and/or its
affiliates. Other names may be trademarks of their respective
owners.

Type 'help;' or '\h' for help. Type '\c' to clear the current input statement.

mysql> exit
Bye

C:\Users\Admin>mysql -u pbl -p âœ”
Enter password: *****
Welcome to the MySQL monitor.  Commands end with ; or \g.
Your MySQL connection id is 40
Server version: 8.0.23 MySQL Community Server - GPL

Copyright (c) 2000, 2021, Oracle and/or its affiliates.

Oracle is a registered trademark of Oracle Corporation and/or its
affiliates. Other names may be trademarks of their respective
owners.

Type 'help;' or '\h' for help. Type '\c' to clear the current input statement.

mysql> show tables; âœ”
ERROR 1046 (3D000): No database selected âœ” why? Database ì„ íƒì„ ì•ˆí–ˆê¸°ë•Œë¬¸ì— ë³´ì—¬ì¤„ Tableì´ ì—†ìŒ
mysql> show databases âœ”;
+--------------------+
| Database           |
+--------------------+
| information_schema |
| pbldb              |
+--------------------+
2 rows in set (0.00 sec)

mysql> use pbldb; âœ”
Database changed
mysql> show tables; âœ” pbldbë¥¼ ì„ íƒí–ˆê¸° ë•Œë¬¸ì— Table ì˜ ë‚˜ì˜¨ë‹¤
+-----------------+
| Tables_in_pbldb |
+-----------------+
| pets            |
+-----------------+
1 row in set (0.00 sec)

mysql> desc pets;  âœ”pets Tableì˜ ì •ë³´ë¥¼ ë³´ì—¬ì¤€ë‹¤. desc = Describe
+----------+-------------+------+-----+---------+-------+
| Field    | Type        | Null | Key | Default | Extra |
+----------+-------------+------+-----+---------+-------+
| name     | varchar(20) | YES  |     | NULL    |       |
| owner    | varchar(20) | YES  |     | NULL    |       |
| sepecies | varchar(20) | YES  |     | NULL    |       |
| gender   | char(1)     | YES  |     | NULL    |       |
| birth    | date        | YES  |     | NULL    |       |
| death    | date        | YES  |     | NULL    |       |
+----------+-------------+------+-----+---------+-------+
6 rows in set (0.00 sec)

mysql> describe pets; âœ”
+----------+-------------+------+-----+---------+-------+
| Field    | Type        | Null | Key | Default | Extra |
+----------+-------------+------+-----+---------+-------+
| name     | varchar(20) | YES  |     | NULL    |       |
| owner    | varchar(20) | YES  |     | NULL    |       |
| sepecies | varchar(20) | YES  |     | NULL    |       |
| gender   | char(1)     | YES  |     | NULL    |       |
| birth    | date        | YES  |     | NULL    |       |
| death    | date        | YES  |     | NULL    |       |
+----------+-------------+------+-----+---------+-------+
6 rows in set (0.00 sec)

mysql> INSERT INTO pets (name, owner) VALUES ('Fluffy', 'Harold'); âœ” INSERT INTO í…Œì´ë¸”ëª… (ì»¬ëŸ¼1, ì»¬ëŸ¼2, ì»¬ëŸ¼3, ...) VALUES (ì»¬ëŸ¼1ì— ì…ë ¥í•  ë°ì´í„°, ì»¬ëŸ¼2ì— ì…ë ¥í•  ë°ì´í„°, ì»¬ëŸ¼3ì— ì…ë ¥í•  ë°ì´í„°, ...)
Query OK, 1 row affected (0.01 sec)

mysql> exit âœ”mySQL ì¢…ë£Œ
Bye

ğŸ±â€ğŸ‰ğŸ±â€ğŸ‰ğŸ±â€ğŸ‰ğŸ±â€ğŸ‰ğŸ±â€ğŸ‰ğŸ±â€ğŸ‰ğŸ±â€ğŸ‰ğŸ±â€ğŸ‰ğŸ±â€ğŸ‰ğŸ±â€ğŸ‰ğŸ±â€ğŸ‰ğŸ±â€ğŸ‰ğŸ±â€ğŸ‰ğŸ±â€ğŸ‰ğŸ±ğŸ‰íŒŒì¼ì—…ë¡œë“œ

C:\Users\Admin>cd C:\Users\Admin\Downloads\PBL-main\mysql âœ” ì—…ë¡œë“œí•  íŒŒì¼ì´ ìˆëŠ” ìœ„ì¹˜ê¹Œì§€ ì§„ì… / cd ëª…ë ¹ì–´ ì‚¬ìš©

C:\Users\Admin\Downloads\PBL-main\mysql>mysql -u root -p âœ” ë¨¼ì € ë£¨íŠ¸ ê¶Œí•œìœ¼ë¡œ ë¡œê·¸ì¸
Enter password: ****
Welcome to the MySQL monitor.  Commands end with ; or \g.
Your MySQL connection id is 43
Server version: 8.0.23 MySQL Community Server - GPL

Copyright (c) 2000, 2021, Oracle and/or its affiliates.

Oracle is a registered trademark of Oracle Corporation and/or its
affiliates. Other names may be trademarks of their respective
owners.

Type 'help;' or '\h' for help. Type '\c' to clear the current input statement.

mysql> set global local_infile=1;  âœ” ë£¨íŠ¸ ê¶Œí•œìœ¼ë¡œ local_infileì„ 1ë¡œ ë°”ê¿”ì¤Œ. ë””í´íŠ¸ê°’ì€ 0ì¸ë° 1ë¡œ ë°”ê¿”ì„œ ONìƒíƒœë¡œ ë§Œë“¤ì–´ì£¼ëŠ” ê²ƒ
Query OK, 0 rows affected (0.00 sec)

mysql> exit
Bye

C:\Users\Admin\Downloads\PBL-main\mysql>mysql -u pbl -p pbldb --local_infile=1 âœ”pbl ì•„ì´ë””ë¡œ ë¡œê·¸ì¸í•˜ê³  pbldb(ë°ì´í„°ë² ì´ìŠ¤)ì—ë‹¤ê°€ íŒŒì¼ì„ ë¶ˆëŸ¬ì™€ì„œ í…Œì´ë¸” ìƒì„±í•  ì˜ˆì •ì´ë¼ëŠ” ëœ»
Enter password: *****
Welcome to the MySQL monitor.  Commands end with ; or \g.
Your MySQL connection id is 45
Server version: 8.0.23 MySQL Community Server - GPL

Copyright (c) 2000, 2021, Oracle and/or its affiliates.

Oracle is a registered trademark of Oracle Corporation and/or its
affiliates. Other names may be trademarks of their respective
owners.

Type 'help;' or '\h' for help. Type '\c' to clear the current input statement.

mysql> load data local infile "pet.txt" into table pets; âœ”pet.txt íŒŒì¼ì„ pets í…Œì´ë¸”ì— ë¡œë“œí•œë‹¤
Query OK, 8 rows affected (0.01 sec)
Records: 8  Deleted: 0  Skipped: 0  Warnings: 0

mysql> select * from pets; âœ”ì¶”ê°€ëœ pet.txt íŒŒì¼ í™•ì¸
+----------+--------+----------+--------+------------+------------+
| name     | owner  | sepecies | gender | birth      | death      |
+----------+--------+----------+--------+------------+------------+
| Fluffy   | Harold | NULL     | NULL   | NULL       | NULL       |
| Fluffy   | Harold | NULL     | NULL   | NULL       | NULL       |
| Fluffy   | Harold | cat      | f      | 1993-02-04 | NULL       |
| Claws    | Gwen   | cat      | m      | 1994-03-17 | NULL       |
| Buffy    | Harold | dog      | f      | 1989-05-13 | NULL       |
| Fang     | Benny  | dog      | m      | 1990-08-27 | NULL       |
| Bowser   | Diane  | dog      | m      | 1979-08-31 | 1995-07-29 |
| Chirpy   | Gwen   | bird     | f      | 1998-09-11 | NULL       |
| Whistler | Gwen   | bird     | NULL   | 1997-12-09 | NULL       |
| Slim     | Benny  | snake    | m      | 1996-04-29 | NULL       |
+----------+--------+----------+--------+------------+------------+
10 rows in set (0.00 sec)

mysql> SELECT name, owner FROM pets;  âœ”
+----------+--------+
| name     | owner  |
+----------+--------+
| Fluffy   | Harold |
| Fluffy   | Harold |
| Fluffy   | Harold |
| Claws    | Gwen   |
| Buffy    | Harold |
| Fang     | Benny  |
| Bowser   | Diane  |
| Chirpy   | Gwen   |
| Whistler | Gwen   |
| Slim     | Benny  |
+----------+--------+
10 rows in set (0.00 sec)

mysql> SELECT name, owner, gender FROM pets WHERE gender = 'f'; âœ”
+--------+--------+--------+
| name   | owner  | gender |
+--------+--------+--------+
| Fluffy | Harold | f      |
| Buffy  | Harold | f      |
| Chirpy | Gwen   | f      |
+--------+--------+--------+
3 rows in set (0.00 sec)

mysql> SELECT name, owner, birth FROM pets WHERE birth BETWEEN '1993-01-01' AND '1994-12-31'; âœ”
+--------+--------+------------+
| name   | owner  | birth      |
+--------+--------+------------+
| Fluffy | Harold | 1993-02-04 |
| Claws  | Gwen   | 1994-03-17 |
+--------+--------+------------+
2 rows in set (0.00 sec)

mysql> SELECT name, owner, birth FROM pets WHERE name='fluffy'; âœ”
+--------+--------+------------+
| name   | owner  | birth      |
+--------+--------+------------+
| Fluffy | Harold | NULL       |
| Fluffy | Harold | NULL       |
| Fluffy | Harold | 1993-02-04 |
+--------+--------+------------+
3 rows in set (0.00 sec)

mysql> select name, owner, birth from pets order by birth; âœ”
+----------+--------+------------+
| name     | owner  | birth      |
+----------+--------+------------+
| Fluffy   | Harold | NULL       |
| Fluffy   | Harold | NULL       |
| Bowser   | Diane  | 1979-08-31 |
| Buffy    | Harold | 1989-05-13 |
| Fang     | Benny  | 1990-08-27 |
| Fluffy   | Harold | 1993-02-04 |
| Claws    | Gwen   | 1994-03-17 |
| Slim     | Benny  | 1996-04-29 |
| Whistler | Gwen   | 1997-12-09 |
| Chirpy   | Gwen   | 1998-09-11 |
+----------+--------+------------+
10 rows in set (0.00 sec)

mysql> select name, owner, birth from pets order by birth desc; âœ”
+----------+--------+------------+
| name     | owner  | birth      |
+----------+--------+------------+
| Chirpy   | Gwen   | 1998-09-11 |
| Whistler | Gwen   | 1997-12-09 |
| Slim     | Benny  | 1996-04-29 |
| Claws    | Gwen   | 1994-03-17 |
| Fluffy   | Harold | 1993-02-04 |
| Fang     | Benny  | 1990-08-27 |
| Buffy    | Harold | 1989-05-13 |
| Bowser   | Diane  | 1979-08-31 |
| Fluffy   | Harold | NULL       |
| Fluffy   | Harold | NULL       |
+----------+--------+------------+
10 rows in set (0.00 sec)

mysql> select name, owner, birth from pets order by birth asc; âœ”
+----------+--------+------------+
| name     | owner  | birth      |
+----------+--------+------------+
| Fluffy   | Harold | NULL       |
| Fluffy   | Harold | NULL       |
| Bowser   | Diane  | 1979-08-31 |
| Buffy    | Harold | 1989-05-13 |
| Fang     | Benny  | 1990-08-27 |
| Fluffy   | Harold | 1993-02-04 |
| Claws    | Gwen   | 1994-03-17 |
| Slim     | Benny  | 1996-04-29 |
| Whistler | Gwen   | 1997-12-09 |
| Chirpy   | Gwen   | 1998-09-11 |
+----------+--------+------------+
10 rows in set (0.00 sec)

mysql> select name, owner, birth from pets order by 3 asc, 1; âœ”
+----------+--------+------------+
| name     | owner  | birth      |
+----------+--------+------------+
| Fluffy   | Harold | NULL       |
| Fluffy   | Harold | NULL       |
| Bowser   | Diane  | 1979-08-31 |
| Buffy    | Harold | 1989-05-13 |
| Fang     | Benny  | 1990-08-27 |
| Fluffy   | Harold | 1993-02-04 |
| Claws    | Gwen   | 1994-03-17 |
| Slim     | Benny  | 1996-04-29 |
| Whistler | Gwen   | 1997-12-09 |
| Chirpy   | Gwen   | 1998-09-11 |
+----------+--------+------------+
10 rows in set (0.00 sec)

mysql> select name, owner, birth from pets order by 3 asc, 2; âœ”
+----------+--------+------------+
| name     | owner  | birth      |
+----------+--------+------------+
| Fluffy   | Harold | NULL       |
| Fluffy   | Harold | NULL       |
| Bowser   | Diane  | 1979-08-31 |
| Buffy    | Harold | 1989-05-13 |
| Fang     | Benny  | 1990-08-27 |
| Fluffy   | Harold | 1993-02-04 |
| Claws    | Gwen   | 1994-03-17 |
| Slim     | Benny  | 1996-04-29 |
| Whistler | Gwen   | 1997-12-09 |
| Chirpy   | Gwen   | 1998-09-11 |
+----------+--------+------------+
10 rows in set (0.00 sec)

mysql> select name, owner, birth from pets order by 3, 2; âœ”
+----------+--------+------------+
| name     | owner  | birth      |
+----------+--------+------------+
| Fluffy   | Harold | NULL       |
| Fluffy   | Harold | NULL       |
| Bowser   | Diane  | 1979-08-31 |
| Buffy    | Harold | 1989-05-13 |
| Fang     | Benny  | 1990-08-27 |
| Fluffy   | Harold | 1993-02-04 |
| Claws    | Gwen   | 1994-03-17 |
| Slim     | Benny  | 1996-04-29 |
| Whistler | Gwen   | 1997-12-09 |
| Chirpy   | Gwen   | 1998-09-11 |
+----------+--------+------------+
10 rows in set (0.00 sec)

mysql> select name, owner, birth from pets order by 2; âœ”
+----------+--------+------------+
| name     | owner  | birth      |
+----------+--------+------------+
| Fang     | Benny  | 1990-08-27 |
| Slim     | Benny  | 1996-04-29 |
| Bowser   | Diane  | 1979-08-31 |
| Claws    | Gwen   | 1994-03-17 |
| Chirpy   | Gwen   | 1998-09-11 |
| Whistler | Gwen   | 1997-12-09 |
| Fluffy   | Harold | NULL       |
| Fluffy   | Harold | NULL       |
| Fluffy   | Harold | 1993-02-04 |
| Buffy    | Harold | 1989-05-13 |
+----------+--------+------------+
10 rows in set (0.00 sec)

mysql> select name, owner, birth from pets order by 2, 3; âœ”
+----------+--------+------------+
| name     | owner  | birth      |
+----------+--------+------------+
| Fang     | Benny  | 1990-08-27 |
| Slim     | Benny  | 1996-04-29 |
| Bowser   | Diane  | 1979-08-31 |
| Claws    | Gwen   | 1994-03-17 |
| Whistler | Gwen   | 1997-12-09 |
| Chirpy   | Gwen   | 1998-09-11 |
| Fluffy   | Harold | NULL       |
| Fluffy   | Harold | NULL       |
| Buffy    | Harold | 1989-05-13 |
| Fluffy   | Harold | 1993-02-04 |
+----------+--------+------------+
10 rows in set (0.00 sec)

mysql> select name from pets where death is not null; âœ”
+--------+
| name   |
+--------+
| Bowser |
+--------+
1 row in set (0.00 sec)

mysql> exit âœ”
Bye

C:\Users\Admin\Downloads\PBL-main\mysql>dir âœ”í•´ë‹¹ ê²½ë¡œì— ìˆëŠ” íŒŒì¼ í™•ì¸í•˜ëŠ” ëª…ë ¹ì–´ DIR
 C ë“œë¼ì´ë¸Œì˜ ë³¼ë¥¨ì—ëŠ” ì´ë¦„ì´ ì—†ìŠµë‹ˆë‹¤.
 ë³¼ë¥¨ ì¼ë ¨ ë²ˆí˜¸: B06D-416C

 C:\Users\Admin\Downloads\PBL-main\mysql ë””ë ‰í„°ë¦¬

2021-04-07  ì˜¤í›„ 01:55    <DIR>          .
2021-04-07  ì˜¤í›„ 01:55    <DIR>          ..
2021-04-07  ì˜¤ì „ 09:02             2,793 emp.sql
2021-04-07  ì˜¤ì „ 09:02           210,202 mysqlsampledatabase.sql
2021-04-07  ì˜¤ì „ 09:02             2,390 mysql_emp.txt
2021-04-07  ì˜¤ì „ 09:02               272 pet.txt
               4ê°œ íŒŒì¼             215,657 ë°”ì´íŠ¸
               2ê°œ ë””ë ‰í„°ë¦¬  183,432,982,528 ë°”ì´íŠ¸ ë‚¨ìŒ



C:\Users\Admin\Downloads\test_db-master>cd C:\Users\Admin\Downloads\test_db-master âœ”í´ë” ë“¤ì–´ìˆëŠ” ìƒˆë¡œìš´ ê²½ë¡œë¡œ ì´ë™

C:\Users\Admin\Downloads\test_db-master>mysql -u pbl -p < employees.sql âœ”why? pblìœ ì €ëŠ” ë°ì´í„°ë² ì´ìŠ¤ì— ì¶”ê°€í•  ê¶Œí•œì´ ì—†ìŒ. ìµœì´ˆì— pbldbì— ê´€í•œ ê¶Œí•œ ë§Œ ë¶€ì—¬í–ˆìŒ
Enter password: *****
ERROR 1044 (42000) at line 25: Access denied for user 'pbl'@'localhost' to database 'employees'

C:\Users\Admin\Downloads\test_db-master>mysql -u root -p < employees.sql âœ”rootê¶Œí•œìœ¼ë¡œ employees.sql ì¶”ê°€ / ìŠ¤í‚¤ë§ˆ ìì²´ë¥¼ ì¶”ê°€í•˜ëŠ” ê²ƒì´ë¼ê³  ìƒê°
Enter password: ****
INFO
CREATING DATABASE STRUCTURE
INFO
storage engine: InnoDB
INFO
LOADING departments
INFO
LOADING employees
INFO
LOADING dept_emp
INFO
LOADING dept_manager
INFO
LOADING titles
INFO
LOADING salaries
data_load_time_diff
00:00:58

C:\Users\Admin\Downloads\test_db-master>mysql -u root -p âœ”
Enter password: ****
Welcome to the MySQL monitor.  Commands end with ; or \g.
Your MySQL connection id is 55
Server version: 8.0.23 MySQL Community Server - GPL

Copyright (c) 2000, 2021, Oracle and/or its affiliates.

Oracle is a registered trademark of Oracle Corporation and/or its
affiliates. Other names may be trademarks of their respective
owners.

Type 'help;' or '\h' for help. Type '\c' to clear the current input statement.

mysql> show databases; âœ”ë°ì´í„°ë² ì´ìŠ¤ í™•ì¸. employees ìƒì„±ë¨
+--------------------+
| Database           |
+--------------------+
| employees          |
| information_schema |
| mysql              |
| pbldb              |
| performance_schema |
| sakila             |
| sys                |
| world              |
+--------------------+
8 rows in set (0.00 sec)

mysql> exit âœ”
Bye

mysql> use employees âœ”
Database changed
mysql> select * from employees limit 100; âœ”
+--------+------------+-------------+--------------+--------+------------+
| emp_no | birth_date | first_name  | last_name    | gender | hire_date  |
+--------+------------+-------------+--------------+--------+------------+
|  10001 | 1953-09-02 | Georgi      | Facello      | M      | 1986-06-26 |
|  10002 | 1964-06-02 | Bezalel     | Simmel       | F      | 1985-11-21 |
|  10003 | 1959-12-03 | Parto       | Bamford      | M      | 1986-08-28 |
|  10004 | 1954-05-01 | Chirstian   | Koblick      | M      | 1986-12-01 |
|  10005 | 1955-01-21 | Kyoichi     | Maliniak     | M      | 1989-09-12 |
|  10006 | 1953-04-20 | Anneke      | Preusig      | F      | 1989-06-02 |
|  10007 | 1957-05-23 | Tzvetan     | Zielinski    | F      | 1989-02-10 |
|  10008 | 1958-02-19 | Saniya      | Kalloufi     | M      | 1994-09-15 |
|  10009 | 1952-04-19 | Sumant      | Peac         | F      | 1985-02-18 |
|  10010 | 1963-06-01 | Duangkaew   | Piveteau     | F      | 1989-08-24 |
|  10011 | 1953-11-07 | Mary        | Sluis        | F      | 1990-01-22 |
|  10012 | 1960-10-04 | Patricio    | Bridgland    | M      | 1992-12-18 |
|  10013 | 1963-06-07 | Eberhardt   | Terkki       | M      | 1985-10-20 |
|  10014 | 1956-02-12 | Berni       | Genin        | M      | 1987-03-11 |
|  10015 | 1959-08-19 | Guoxiang    | Nooteboom    | M      | 1987-07-02 |
|  10016 | 1961-05-02 | Kazuhito    | Cappelletti  | M      | 1995-01-27 |
|  10017 | 1958-07-06 | Cristinel   | Bouloucos    | F      | 1993-08-03 |
|  10018 | 1954-06-19 | Kazuhide    | Peha         | F      | 1987-04-03 |
|  10019 | 1953-01-23 | Lillian     | Haddadi      | M      | 1999-04-30 |
|  10020 | 1952-12-24 | Mayuko      | Warwick      | M      | 1991-01-26 |
|  10021 | 1960-02-20 | Ramzi       | Erde         | M      | 1988-02-10 |
|  10022 | 1952-07-08 | Shahaf      | Famili       | M      | 1995-08-22 |
|  10023 | 1953-09-29 | Bojan       | Montemayor   | F      | 1989-12-17 |
|  10024 | 1958-09-05 | Suzette     | Pettey       | F      | 1997-05-19 |
|  10025 | 1958-10-31 | Prasadram   | Heyers       | M      | 1987-08-17 |
|  10026 | 1953-04-03 | Yongqiao    | Berztiss     | M      | 1995-03-20 |
|  10027 | 1962-07-10 | Divier      | Reistad      | F      | 1989-07-07 |
|  10028 | 1963-11-26 | Domenick    | Tempesti     | M      | 1991-10-22 |
|  10029 | 1956-12-13 | Otmar       | Herbst       | M      | 1985-11-20 |
|  10030 | 1958-07-14 | Elvis       | Demeyer      | M      | 1994-02-17 |
|  10031 | 1959-01-27 | Karsten     | Joslin       | M      | 1991-09-01 |
|  10032 | 1960-08-09 | Jeong       | Reistad      | F      | 1990-06-20 |
|  10033 | 1956-11-14 | Arif        | Merlo        | M      | 1987-03-18 |
|  10034 | 1962-12-29 | Bader       | Swan         | M      | 1988-09-21 |
|  10035 | 1953-02-08 | Alain       | Chappelet    | M      | 1988-09-05 |
|  10036 | 1959-08-10 | Adamantios  | Portugali    | M      | 1992-01-03 |
|  10037 | 1963-07-22 | Pradeep     | Makrucki     | M      | 1990-12-05 |
|  10038 | 1960-07-20 | Huan        | Lortz        | M      | 1989-09-20 |
|  10039 | 1959-10-01 | Alejandro   | Brender      | M      | 1988-01-19 |
|  10040 | 1959-09-13 | Weiyi       | Meriste      | F      | 1993-02-14 |
|  10041 | 1959-08-27 | Uri         | Lenart       | F      | 1989-11-12 |
|  10042 | 1956-02-26 | Magy        | Stamatiou    | F      | 1993-03-21 |
|  10043 | 1960-09-19 | Yishay      | Tzvieli      | M      | 1990-10-20 |
|  10044 | 1961-09-21 | Mingsen     | Casley       | F      | 1994-05-21 |
|  10045 | 1957-08-14 | Moss        | Shanbhogue   | M      | 1989-09-02 |
|  10046 | 1960-07-23 | Lucien      | Rosenbaum    | M      | 1992-06-20 |
|  10047 | 1952-06-29 | Zvonko      | Nyanchama    | M      | 1989-03-31 |
|  10048 | 1963-07-11 | Florian     | Syrotiuk     | M      | 1985-02-24 |
|  10049 | 1961-04-24 | Basil       | Tramer       | F      | 1992-05-04 |
|  10050 | 1958-05-21 | Yinghua     | Dredge       | M      | 1990-12-25 |
|  10051 | 1953-07-28 | Hidefumi    | Caine        | M      | 1992-10-15 |
|  10052 | 1961-02-26 | Heping      | Nitsch       | M      | 1988-05-21 |
|  10053 | 1954-09-13 | Sanjiv      | Zschoche     | F      | 1986-02-04 |
|  10054 | 1957-04-04 | Mayumi      | Schueller    | M      | 1995-03-13 |
|  10055 | 1956-06-06 | Georgy      | Dredge       | M      | 1992-04-27 |
|  10056 | 1961-09-01 | Brendon     | Bernini      | F      | 1990-02-01 |
|  10057 | 1954-05-30 | Ebbe        | Callaway     | F      | 1992-01-15 |
|  10058 | 1954-10-01 | Berhard     | McFarlin     | M      | 1987-04-13 |
|  10059 | 1953-09-19 | Alejandro   | McAlpine     | F      | 1991-06-26 |
|  10060 | 1961-10-15 | Breannda    | Billingsley  | M      | 1987-11-02 |
|  10061 | 1962-10-19 | Tse         | Herber       | M      | 1985-09-17 |
|  10062 | 1961-11-02 | Anoosh      | Peyn         | M      | 1991-08-30 |
|  10063 | 1952-08-06 | Gino        | Leonhardt    | F      | 1989-04-08 |
|  10064 | 1959-04-07 | Udi         | Jansch       | M      | 1985-11-20 |
|  10065 | 1963-04-14 | Satosi      | Awdeh        | M      | 1988-05-18 |
|  10066 | 1952-11-13 | Kwee        | Schusler     | M      | 1986-02-26 |
|  10067 | 1953-01-07 | Claudi      | Stavenow     | M      | 1987-03-04 |
|  10068 | 1962-11-26 | Charlene    | Brattka      | M      | 1987-08-07 |
|  10069 | 1960-09-06 | Margareta   | Bierman      | F      | 1989-11-05 |
|  10070 | 1955-08-20 | Reuven      | Garigliano   | M      | 1985-10-14 |
|  10071 | 1958-01-21 | Hisao       | Lipner       | M      | 1987-10-01 |
|  10072 | 1952-05-15 | Hironoby    | Sidou        | F      | 1988-07-21 |
|  10073 | 1954-02-23 | Shir        | McClurg      | M      | 1991-12-01 |
|  10074 | 1955-08-28 | Mokhtar     | Bernatsky    | F      | 1990-08-13 |
|  10075 | 1960-03-09 | Gao         | Dolinsky     | F      | 1987-03-19 |
|  10076 | 1952-06-13 | Erez        | Ritzmann     | F      | 1985-07-09 |
|  10077 | 1964-04-18 | Mona        | Azuma        | M      | 1990-03-02 |
|  10078 | 1959-12-25 | Danel       | Mondadori    | F      | 1987-05-26 |
|  10079 | 1961-10-05 | Kshitij     | Gils         | F      | 1986-03-27 |
|  10080 | 1957-12-03 | Premal      | Baek         | M      | 1985-11-19 |
|  10081 | 1960-12-17 | Zhongwei    | Rosen        | M      | 1986-10-30 |
|  10082 | 1963-09-09 | Parviz      | Lortz        | M      | 1990-01-03 |
|  10083 | 1959-07-23 | Vishv       | Zockler      | M      | 1987-03-31 |
|  10084 | 1960-05-25 | Tuval       | Kalloufi     | M      | 1995-12-15 |
|  10085 | 1962-11-07 | Kenroku     | Malabarba    | M      | 1994-04-09 |
|  10086 | 1962-11-19 | Somnath     | Foote        | M      | 1990-02-16 |
|  10087 | 1959-07-23 | Xinglin     | Eugenio      | F      | 1986-09-08 |
|  10088 | 1954-02-25 | Jungsoon    | Syrzycki     | F      | 1988-09-02 |
|  10089 | 1963-03-21 | Sudharsan   | Flasterstein | F      | 1986-08-12 |
|  10090 | 1961-05-30 | Kendra      | Hofting      | M      | 1986-03-14 |
|  10091 | 1955-10-04 | Amabile     | Gomatam      | M      | 1992-11-18 |
|  10092 | 1964-10-18 | Valdiodio   | Niizuma      | F      | 1989-09-22 |
|  10093 | 1964-06-11 | Sailaja     | Desikan      | M      | 1996-11-05 |
|  10094 | 1957-05-25 | Arumugam    | Ossenbruggen | F      | 1987-04-18 |
|  10095 | 1965-01-03 | Hilari      | Morton       | M      | 1986-07-15 |
|  10096 | 1954-09-16 | Jayson      | Mandell      | M      | 1990-01-14 |
|  10097 | 1952-02-27 | Remzi       | Waschkowski  | M      | 1990-09-15 |
|  10098 | 1961-09-23 | Sreekrishna | Servieres    | F      | 1985-05-13 |
|  10099 | 1956-05-25 | Valter      | Sullins      | F      | 1988-10-18 |
|  10100 | 1953-04-21 | Hironobu    | Haraldson    | F      | 1987-09-21 |
+--------+------------+-------------+--------------+--------+------------+
100 rows in set (0.01 sec)

mysql> DESC EMPLOYEES; âœ”
+------------+---------------+------+-----+---------+-------+
| Field      | Type          | Null | Key | Default | Extra |
+------------+---------------+------+-----+---------+-------+
| emp_no     | int           | NO   | PRI | NULL    |       |
| birth_date | date          | NO   |     | NULL    |       |
| first_name | varchar(14)   | NO   |     | NULL    |       |
| last_name  | varchar(16)   | NO   |     | NULL    |       |
| gender     | enum('M','F') | NO   |     | NULL    |       |
| hire_date  | date          | NO   |     | NULL    |       |
+------------+---------------+------+-----+---------+-------+
6 rows in set (0.01 sec)